label,pattern,replace,suffix_term
count_suffix,- androus,androus,male_part
count_suffix,- bracteolate,bracteolate,leaf_part
count_suffix,- callose,callose,subpart
count_suffix,- carpellate,carpellate,female_flower_part
count_suffix,- columned,column,part
count_suffix,- flowered,flower,flower_part
count_suffix,- foliolate,lobe,subpart
count_suffix,- horned,horn,subpart
count_suffix,- incised,incised,subpart
count_suffix,- jointed,joint,subpart
count_suffix,- jug,pairs,count_group
count_suffix,- jug.,pairs,count_group
count_suffix,- lobed,lobe,subpart
count_suffix,- locular,locular,subpart
count_suffix,- merous,merous,count
count_suffix,- nate,nate,subpart
count_suffix,- nerved,vein,venation
count_suffix,- paired,pairs,count_group
count_suffix,- pairs,pairs,count_group
count_suffix,- ranked,ranked,subpart
count_suffix,- rayed,ray,subpart
count_suffix,- ribbed,rib,venation
count_suffix,- seeded,seed,fruit_part
count_suffix,- toothed,tooth,leaf_margin
count_suffix,- veined,vein,venation
count_suffix,-androus,androus,male_part
count_suffix,-bracteolate,bracteolate,leaf_part
count_suffix,-callose,callose,subpart
count_suffix,-carpellate,carpellate,female_flower_part
count_suffix,-columned,column,part
count_suffix,-flowered,flower,flower_part
count_suffix,-foliolate,lobe,subpart
count_suffix,-horned,horn,subpart
count_suffix,-incised,incised,subpart
count_suffix,-jointed,joint,subpart
count_suffix,-jug,pairs,count_group
count_suffix,-jug.,pairs,count_group
count_suffix,-lobed,lobe,subpart
count_suffix,-locular,locular,subpart
count_suffix,-merous,merous,count
count_suffix,-nate,nate,subpart
count_suffix,-nerved,vein,venation
count_suffix,-paired,pairs,count_group
count_suffix,-pairs,pairs,count_group
count_suffix,-ranked,ranked,subpart
count_suffix,-rayed,ray,subpart
count_suffix,-ribbed,rib,venation
count_suffix,-seeded,seed,fruit_part
count_suffix,-toothed,tooth,leaf_margin
count_suffix,-veined,vein,venation
count_word,absent,0,
count_word,decamerous,10,
count_word,decamery,10,
count_word,dimerous,2,
count_word,dimery,2,
count_word,double,2,
count_word,heptamerous,7,
count_word,heptamery,7,
count_word,hexamerous,6,
count_word,hexamery,6,
count_word,monomerous,1,
count_word,monomery,1,
count_word,nonamerous,9,
count_word,nonamery,9,
count_word,octamerous,8,
count_word,octamery,8,
count_word,pentamerous,5,
count_word,pentamery,5,
count_word,simple,1,
count_word,single,1,
count_word,tetrad,4,
count_word,tetramerous,4,
count_word,tetramery,4,
count_word,triad,3,
count_word,trimerous,3,
count_word,trimery,3,
count_word,triple,3,
dim,broad,broad,
dim,broader,broad,
dim,d.b.h.,dbh,
dim,dbh,dbh,
dim,dia,diameter,
dim,dia.,diameter,
dim,diam,diameter,
dim,diam.,diameter,
dim,diameter,diameter,
dim,diameter at breast height,dbh,
dim,diameter breast height,dbh,
dim,diameters,diameter,
dim,height,height,
dim,high,height,
dim,in dia,diameter,
dim,in diam,diameter,
dim,in diameter,diameter,
dim,in height,height,
dim,length,length,
dim,long,length,
dim,longo,length,
dim,radius,radius,
dim,tall,height,
dim,thick,thickness,
dim,thickness,thickness,
dim,wide,width,
dim,width,width,
duration,fugacious,fugacious,
duration,marcescent,marcescent,
duration,persistent,persistent,
duration,subpersistent,subpersistent,
female_flower_part,apocarpus,apocarpus,
female_flower_part,carpellate,carpellate,
female_flower_part,compound pistil,compound pistil,
female_flower_part,funicle,funicle,
female_flower_part,funicles,funicle,
female_flower_part,funiculus,funiculus,
female_flower_part,gynoecia,carpel,
female_flower_part,gynoecium,carpel,
female_flower_part,locule,locule,
female_flower_part,loculus,loculus,
female_flower_part,multicarpellate,multicarpellate,
female_flower_part,ovaries,ovary,
female_flower_part,ovary,ovary,
female_flower_part,ovule,ovary,
female_flower_part,ovules,ovary,
female_flower_part,pistil,pistil,
female_flower_part,pistillode,pistil,
female_flower_part,pistillodes,pistil,
female_flower_part,pistils,carpel,
female_flower_part,placenta,placenta,
female_flower_part,seed-funicle,seed-funicle,
female_flower_part,septa,septum,
female_flower_part,septum,septum,
female_flower_part,stigma,stigma,
female_flower_part,stigmas,stigma,
female_flower_part,unicarpellate,unicarpellate,
flower_location,epigynous,inferior,
flower_location,half-inferior,inferior,
flower_location,hypogynous,superior,
flower_location,inferior,inferior,
flower_location,perigynous,perigynous,
flower_location,superior,superior,
flower_morphology,accrescent,accrescent,
flower_morphology,anthesis,anthesis,
flower_part,acephalous,corona,
flower_part,achlamydeous,achlamydeous,
flower_part,apetalous,apetalous,
flower_part,bract,bract,
flower_part,calyces,calyx,
flower_part,calyx,calyx,
flower_part,carpel,carpel,
flower_part,carpels,carpel,
flower_part,claw,claw,
flower_part,claws,claw,
flower_part,corolla,corolla,
flower_part,corollas,corolla,
flower_part,corona,corona,
flower_part,coronas,coronas,
flower_part,disc,disk,
flower_part,discs,disk,
flower_part,disk,disk,
flower_part,disks,disk,
flower_part,epicalyces,epicalyx,
flower_part,epicalyx,epicalyx,
flower_part,fl,flower,
flower_part,fl-buds,flower-buds,
flower_part,fld,flowered,
flower_part,floral axis,floral axis,
flower_part,floral bracts,bract,
flower_part,floral envelope,floral envelope,
flower_part,floral leaves,leaf,
flower_part,flower,flower,
flower_part,flowering branch,branch,
flower_part,flowering branches,branch,
flower_part,flowering stem,flowering stem,
flower_part,flowering stems,flowering stem,
flower_part,flowers,flower,
flower_part,fls,flower,
flower_part,hypanthia,hypanthium,
flower_part,hypanthium,hypanthium,
flower_part,intemode,intemode,
flower_part,keel,keel,
flower_part,keels,keel,
flower_part,nectar disk,nectar disk,
flower_part,nectaries,nectary,
flower_part,nectary,nectary,
flower_part,pedicel,pedicel,
flower_part,pedicels,pedicel,
flower_part,peduncle,peduncle,
flower_part,peduncles,peduncle,
flower_part,perianth,perianth,
flower_part,petal,petal,
flower_part,petals,petal,
flower_part,receptacle,receptacle,
flower_part,sepal,sepal,
flower_part,sepals,sepal,
flower_part,tepal,tepal,
flower_part,tepals,tepal,
fruit_part,achaenocarp,achaenocarp,
fruit_part,achene,achene,
fruit_part,achenes,achene,
fruit_part,beak,beak,
fruit_part,beaks,beak,
fruit_part,berries,berry,
fruit_part,berry,berry,
fruit_part,capsule,capsule,
fruit_part,capsules,capsule,
fruit_part,caryopsis,caryopsis,
fruit_part,circumscissile,circumscissile,
fruit_part,cotyledon,cotyledon,
fruit_part,cotyledons,cotyledon,
fruit_part,dehiscent,dehiscent,
fruit_part,drupe,drupe,
fruit_part,drupes,drupes,
fruit_part,endocarp,endocarp,
fruit_part,exocarp,exocarp,
fruit_part,fr,fruit,
fruit_part,fr.,fruit,
fruit_part,fruit,fruit,
fruit_part,fruiting perianth,perianth,
fruit_part,fruits,fruit,
fruit_part,hilum,hilum,
fruit_part,indehiscent,indehiscent,
fruit_part,infructescence,infructescence,
fruit_part,infructescences,infructescence,
fruit_part,legume,legume,
fruit_part,legumes,legume,
fruit_part,mesocarp,mesocarp,
fruit_part,nut,nut,
fruit_part,nutlet,nutlet,
fruit_part,nutlets,nutlet,
fruit_part,nuts,nut,
fruit_part,pepo,pepo,
fruit_part,pepos,pepo,
fruit_part,pericarp,pericarp,
fruit_part,pleurogram,pleurogram,
fruit_part,pod,pod,
fruit_part,pods,pod,
fruit_part,pome,pome,
fruit_part,pomes,pome,
fruit_part,pyrena,pyrena,
fruit_part,replum,replum,
fruit_part,samara,samara,
fruit_part,samaras,fruit,
fruit_part,sarcotesta,sarcotesta,
fruit_part,sclerotesta,sclerotesta,
fruit_part,seed,seed,
fruit_part,seed-testa,testa,
fruit_part,seedpod,seedpod,
fruit_part,seedpods,seedpod,
fruit_part,seeds,seed,
fruit_part,suture,suture,
fruit_part,syncarp,syncarp,
fruit_part,testa,testa,
fruit_part,utricle ,utricle ,
inflorescence,anthela,anthela,
inflorescence,bostryx,bostryx,
inflorescence,calathid,calathid,
inflorescence,capitula,capitulum,
inflorescence,capitulum,capitulum,
inflorescence,catkin,catkin,
inflorescence,catkins,catkin,
inflorescence,cincinnus,cincinnus,
inflorescence,compound capitulum,compound capitulum,
inflorescence,compound raceme,compound raceme,
inflorescence,compound spike,compound spike,
inflorescence,compound spikes,compound spikes,
inflorescence,compound umbel,compound umbel,
inflorescence,corymb,corymb,
inflorescence,cyathium,cyathium,
inflorescence,cyme,cyme,
inflorescence,cymes,cyme,
inflorescence,cymose corymb,cymose corymb,
inflorescence,dichasium,dichasium,
inflorescence,double cyme ,double cyme ,
inflorescence,double umbel,double umbel,
inflorescence,drepanium,drepanium,
inflorescence,false spike,false spike,
inflorescence,fascicles,fascicles,
inflorescence,fl-spikes,flower-spikes,
inflorescence,glomerule,glomerule,
inflorescence,glomerules,glomerule,
inflorescence,head,head,
inflorescence,heads,head,
inflorescence,heterothetic,heterothetic,
inflorescence,homeothetic,homeothetic,
inflorescence,inflorescence,inflorescence,
inflorescence,inflorescence-axes,inflorescence-axes,
inflorescence,inflorescences,inflorescence,
inflorescence,inflorescenses,inflorescence,
inflorescence,monochasium,monochasium,
inflorescence,panicle,panicle,
inflorescence,panicles,panicle,
inflorescence,pseudoraceme,pseudoraceme,
inflorescence,pseudoracemes,pseudoraceme,
inflorescence,raceme,raceme,
inflorescence,racemes,raceme,
inflorescence,rhipidium,rhipidium,
inflorescence,solitary,solitary,
inflorescence,spadix,spadix,
inflorescence,spica,spica,
inflorescence,spike,spike,
inflorescence,spikes,spikes,
inflorescence,syconium,syconium,
inflorescence,thyrse,thyrse,
inflorescence,thyrsoid,thyrsoid,
inflorescence,triple umbel,triple umbel,
inflorescence,umbel,umbel,
inflorescence,umbels,umbel,
inflorescence,verticil,verticil,
inflorescence,verticillaster,verticillaster,
joined,adherent,,
joined,adnate,,
joined,connate,,
joined,sympetalous,,
joined,synandrous,,
joined,synantherous,,
joined,syncarpous,,
joined,synfilamentous,,
joined,synsepalous,,
leaf_duration,deciduous,deciduous,
leaf_duration,evergreen,evergreen,
leaf_duration,semi-deciduous,semi-deciduous,
leaf_duration,semi-evergreen,semi-evergreen,
leaf_folding,carinate,carinate,
leaf_folding,conduplicate,conduplicate,
leaf_folding,cucullate,cucullate,
leaf_folding,involute,involute,
leaf_folding,plicate,plicate,
leaf_folding,reduplicate,reduplicate,
leaf_folding,revolute,revolute,
leaf_part,bathyphyll,bathyphyll,
leaf_part,blade,leaf,
leaf_part,blades,leaf,
leaf_part,bracteole,bract,
leaf_part,bracteoles,bract,
leaf_part,bractlet,bract,
leaf_part,bractlets,bract,
leaf_part,bracts,bract,
leaf_part,costate,rib,
leaf_part,foliage,foliage,
leaf_part,lamina,lamina,
leaf_part,leaf,leaf,
leaf_part,leaf axis,leaf-axis,
leaf_part,leaf blade,leaf,
leaf_part,leaf blades,leaf,
leaf_part,leaf-axis,leaf-axis,
leaf_part,leaf-bracteate,leaf-bracteate,
leaf_part,leaf-stalk,leaf-stalk,
leaf_part,leaf-stalks,leaf-stalk,
leaf_part,leaflet,leaflet,
leaf_part,leaflet blade,leaflet,
leaf_part,leaflet blades,leaflet,
leaf_part,leaflet-pair,leaflet,
leaf_part,leaflet-pairs,leaflet,
leaf_part,leaflets,leaflet,
leaf_part,leafstalk,leaf-stalk,
leaf_part,leafstalks,leaf-stalk,
leaf_part,leaved,,
leaf_part,leaves,leaf,
leaf_part,lf,leaf,
leaf_part,lf-axes,leaf-axis,
leaf_part,lf-axis,leaf-axis,
leaf_part,lf-stk,leaf-stalk,
leaf_part,lf-stk,leaf-stalk,
leaf_part,lf-stks,leaf-stalk,
leaf_part,lf-stks,leaf-stalk,
leaf_part,lfstk,leaf-stalk,
leaf_part,lfstks,leaf-stalk,
leaf_part,lft,leaflet,
leaf_part,lfts,leaflet,
leaf_part,ligule,ligule,
leaf_part,lvd,leaved,
leaf_part,lvs,leaf,
leaf_part,perigonium,perianth,
leaf_part,petiole,petiole,
leaf_part,petiole blade,petiole,
leaf_part,petiole blades,petiole,
leaf_part,petioles,petiole,
leaf_part,petiolule,petiolule,
leaf_part,petiolules,petiolule,
leaf_part,phyllode,phyllode,
leaf_part,phyllodes,phyllode,
leaf_part,pinnule,pinnule,
leaf_part,pinnules,pinnule,
leaf_part,pulvini,pulvini,
leaf_part,pulvinule,pulvinule,
leaf_part,pulvinules,pulvinule,
leaf_part,pulvinus,pulvinus,
leaf_part,shade-leaf,leaf,
leaf_part,shade-leaves,leaf,
leaf_part,sheath,sheath,
leaf_part,sheaves,sheaves,
leaf_part,stipel,stipel,
leaf_part,stipels,stipels,
leaf_part,stipular spines,,
leaf_part,stipule,stipule,
leaf_part,stipules,stipule,
leaf_part,stipuloid,stipuloid,
location,abaxial,abaxial,
location,above,above,
location,adaxial,adaxial,
location,adventitious,adventitious,
location,anterior,anterior,
location,apical,apical,
location,axillary,axillary,
location,basal,basal,
location,basally,basal,
location,basifixed,basifixed,
location,basipetal,basipetal,
location,below,below,
location,beneath,beneath,
location,cauline,cauline,
location,distal,distal,
location,distally,distal,
location,dorsal,dorsal,
location,dorsally,dorsal,
location,dorsiventral,dorsiventral,
location,dorsiventrally,dorsiventral,
location,externally,externally,
location,facially,facially,
location,hysteranthous,hysteranthous,
location,hysteranthously,hysteranthously,
location,infrapetiolar,infrapetiolar,
location,infrastipular,infrastipular,
location,interfoliolar,interfoliolar,
location,interpinnal,interpinnal,
location,intramarginal,intramarginal,
location,lateral,lateral,
location,mesophyllidious,mesophyllidious,
location,petiolar,petiolar,
location,posterior,posterior,
location,proximal,proximal,
location,proximally,proximal,
location,radical,radical,
location,stemonozone,stemonozone,
location,style,style,
location,subcentric,subcentric,
location,subtended,subtended,
location,subtending,subtending,
location,synanthous,synanthous,
location,terminal,terminal,
location,terminally,terminal,
location,transverse,transverse,
location,ventral ,ventral ,
location,ventrally,ventral ,
male_flower_part,adelphous,adelphous,
male_flower_part,androecia,stamen,
male_flower_part,androecium,stamen,
male_flower_part,anther,anther,
male_flower_part,anthers,anther,
male_flower_part,connective,connective,
male_flower_part,diadelphous,diadelphous,
male_flower_part,didynamous,didynamous,
male_flower_part,epipetalous,epipetalous,
male_flower_part,exserted,exserted,
male_flower_part,filament,filament,
male_flower_part,filaments,filament,
male_flower_part,gynandrium,gynandrium,
male_flower_part,gynostegium,gynostegium,
male_flower_part,introrse,introrse,
male_flower_part,monadelphous,monadelphous,
male_flower_part,monodelphous,monodelphous,
male_flower_part,pollen,pollen,
male_flower_part,pollen sac,pollen sac,
male_flower_part,pollen sacs,pollen sac,
male_flower_part,poricidal,poricidal,
male_flower_part,stamen,stamen,
male_flower_part,stamens,stamen,
male_flower_part,staminode,stamen,
male_flower_part,staminodes,stamen,
male_flower_part,staminodia,staminodia,
male_flower_part,staminodial,staminodial,
male_flower_part,syngenesious,syngenesious,
male_flower_part,tetradynamous,tetradynamous,
male_flower_part,translator,translator,
male_flower_part,trinucleate,trinucleate,
male_flower_part,versatile,versatile,
male_reproduction,protandrous,protandrous,
margin,biseriate,uniseriate,
margin,ciliata,ciliate,
margin,corrugated,corrugated,
margin,crenata,crenate,
margin,crenate,crenate,
margin,crenulate,crenulate,
margin,dentata,dentate,
margin,dentate,dentate,
margin,denticulata,denticulate,
margin,denticulate,denticulate,
margin,doubly serrate,doubly serrate,
margin,duplicato dentata,doubly serrate,
margin,duplicato-dentata,doubly serrate,
margin,entire,entire,
margin,forma integra,entire,
margin,lobata,lobate,
margin,lobate,lobate,
margin,lobulate,lobulate,
margin,palmately lobed,palmately lobed,
margin,pinnately lobed,pinnately lobed,
margin,pluriseriate,pluriseriate,
margin,pungent,pungent,
margin,scalloped,scalloped,
margin,serrata,serrate,
margin,serrate,serrate,
margin,serrulata,serrulate,
margin,serrulate,serrulate,
margin,sinuate,sinuate,
margin,sinuosa,sinuate,
margin,spiculata,spiny,
margin,spiny,spiny,
margin,tooth,tooth,
margin,toothed,toothed,
margin,undulata,undulate,
margin,undulate,undulate,
margin,uniseriate,uniseriate,
margin_follower,constricted,constricted,
margin_follower,crisped,crisped,
margin_follower,margined,margined,
margin_leader,coarsely,coarsely,
margin_leader,remotely,remotely,
margin_leader,thickened,thickened,
odor,fragrant,fragrant,
part,acutangular,acutangular,
part,bark,bark,
part,beltian bodies,beltian body,
part,beltian body,beltian body,
part,brachyblast,brachyblast,
part,branch,branch,
part,branches,branch,
part,branchlet,branch,
part,branchlets,branch,
part,bud,bud,
part,buds,bud,
part,caudex,caudex,
part,caudices,caudex,
part,cladode,cladode,
part,cladophyll,cladophyll,
part,column,column,
part,columned,column,
part,corm,corm,
part,cortex,,
part,craspedium,craspedium,
part,endodermis,,
part,epidermis,,
part,fascicle,fascicle,
part,flowered,flower,
part,indumenta,indumentum,
part,indumentum,indumentum,
part,indumentums,indumentum,
part,interfoliolar segment,interfoliolar segment,
part,interfoliolar segments,interfoliolar segment,
part,interpetiolar segments,interpetiolar segment,
part,interpinnal segment,interpinnal segment,
part,interpinnal segments,interpinnal segment,
part,lenticel,lenticel,
part,lenticels,lenticel,
part,mid-stem,,
part,non-flowering branch,branch,
part,non-flowering branches,branch,
part,non-flowering stem,stem,
part,non-flowering stems,stem,
part,pachycaul,,
part,paraphyllidia,paraphyllidia,
part,pinna,pinna,
part,pinna-rachis,pinna-rachis,
part,pinna-rachises,pinna-rachis,
part,pinnae,pinnae,
part,pith,pith,
part,plant,plant,
part,plants,plant,
part,rachis,rachis,
part,root,root,
part,roots,root,
part,rootstock,rootstock,
part,rootstocks,rootstock,
part,runner,runner,
part,runners,runner,
part,set(ul)ae,set(ul)ae,
part,setae,setae,
part,setulae,setulae,
part,shrub,shrub,
part,shrubs,shrub,
part,spicule,spicule,
part,spicules,spicule,
part,spur,spur,
part,spurs,spur,
part,stalk,stalk,
part,stalks,stalk,
part,stem,stem,
part,stems,stem,
part,stipe,stipe,
part,stipes,stipe,
part,stk,stalk,
part,stks,stalk,
part,stock,rootstock,
part,stolon,stolon,
part,stolons,stolons,
part,subshrub,shrub,
part,subshrubs,shrub,
part,tree,tree,
part,trees,tree,
part,trunk,trunk,
part,trunks,trunk,
part,twig,twig,
part,twigs,twig,
part,underbark,underbark,
per_count,1 or more clusters,cluster,
per_count,cluster,cluster,
per_count,clusters,cluster,
per_count,jugate,pairs,
per_count,one or more clusters,cluster,
per_count,pair,pairs,
per_count,paired,pairs,
per_count,pairs,pairs,
per_count,per row,per row,
per_count,per side,per side,
per_count,row,row,
per_count,rows,rows,
plant_duration,annual,annual,
plant_duration,biennial,biennial,
plant_duration,monocarp,monocarp,
plant_duration,monocarpic,monocarpic,
plant_duration,perennial,perennial,
plant_duration,semelparous,semelparous,
plant_habit,acaulescent,acaulescent,
plant_habit,acid plant,acid plant,
plant_habit,actinomorphic,actinomorphic,
plant_habit,arborescent,arborescent,
plant_habit,ascending,ascending,
plant_habit,assurgent,assurgent,
plant_habit,branching,branching,
plant_habit,caducous,caducous,
plant_habit,caespitose,cespitose,
plant_habit,caulescent,caulescent,
plant_habit,cespitose,cespitose,
plant_habit,climbing,climbing,
plant_habit,creeping,creeping,
plant_habit,decumbent,decumbent,
plant_habit,deflexed,deflexed,
plant_habit,determinate growth,determinate growth,
plant_habit,dimorphic,dimorphic,
plant_habit,ecad,ecad,
plant_habit,ecotone,ecotone,
plant_habit,ectogenesis,ectogenesis,
plant_habit,ectoparasite,ectoparasite,
plant_habit,epigeal,epigeal,
plant_habit,epigean,epigean,
plant_habit,epigeic,epigeic,
plant_habit,epigeous,epigeous,
plant_habit,epilithic,epilithic,
plant_habit,epiphloedal,epiphloedal,
plant_habit,epiphloedic,epiphloedic,
plant_habit,epiphyllous,epiphyllous,
plant_habit,epiphyte,epiphytic,
plant_habit,epiphytic,epiphytic,
plant_habit,equinoctial,equinoctial,
plant_habit,erect,erect,
plant_habit,escape,escape,
plant_habit,eupotamous,eupotamous,
plant_habit,euryhaline,euryhaline,
plant_habit,eurythermous,eurythermous,
plant_habit,exclusive species,exclusive species,
plant_habit,exotic,exotic,
plant_habit,exsiccatus,exsiccatus,
plant_habit,free-standing,free-standing,
plant_habit,frutescent,frutescent,
plant_habit,fruticose,fruticose,
plant_habit,humifuse,humifuse,
plant_habit,indeterminate growth,indeterminate growth,
plant_habit,lax,lax,
plant_habit,liana,liana,
plant_habit,parasitic,parasitic,
plant_habit,precocious,precocious,
plant_habit,procumbent,procumbent,
plant_habit,prostrate,prostrate,
plant_habit,repent,repent,
plant_habit,semi-erect,semi-erect,
plant_habit,shrubby,shrub,
plant_habit,subacaulescent,acaulescent,
plant_habit,subcaulescent,acaulescent,
plant_habit,subshrubby,shrub,
plant_habit,suffrutescent,suffrutescent,
plant_habit,treelet,treelet,
plant_habit,treelets,treelet,
plant_habit,upright,upright,
plant_habit,vine,vine,
plant_habit,vines,vine,
plant_habit,virgate,virgate,
plant_morphology,heteropmorphic,heteropmorphic,
plant_morphology,homomorphic,homomorphic,
quest,?,?,
quest,(?),(?),
reproduction,androdioecious,androdioecious,
reproduction,androecious,androecious,
reproduction,androgynomonoecious,androgynomonoecious,
reproduction,androgynous,androgynous,
reproduction,andromonoecious,andromonoecious,
reproduction,dichogamous,dichogamous,
reproduction,dioecious,dioecious,
reproduction,gynodioecious,gynodioecious,
reproduction,gynodioecy,gynodioecy,
reproduction,gynoecious,gynoecious,
reproduction,gynomonoecious,gynomonoecious,
reproduction,hermaphrodite,hermaphrodite,
reproduction,hermaphroditic,hermaphrodite,
reproduction,monoecious,monoecious,
reproduction,polygamodioecious,polygamodioecious,
reproduction,polygamomonoecious,polygamomonoecious,
reproduction,polygamous,polygamous,
reproduction,protogynous,protogynous,
reproduction,subandroecious,subandroecious,
reproduction,subdioecious,subdioecious,
reproduction,subgynoecious,subgynoecious,
reproduction,trimonoecious,trimonoecious,
reproduction,trioecious,trioecious,
sex,(female),female,
sex,(male),male,
sex,(pistillate),pistillate,
sex,(staminate),staminate,
sex,[female],female,
sex,[male],male,
sex,[pistillate],pistillate,
sex,[staminate],staminate,
sex,bisexual,bisexual,
sex,diclinous,diclinous,
sex,imperfect,imperfect,
sex,male,male,
sex,monoclinous,monoclinous,
sex,perfect,perfect,
sex,pistillate,pistillate,
sex,staminate,staminate,
sex,synoecious,synoecious,
sex,unisexual,unisexual,
shape,acicular,polygonal,
shape,actinomorphic,radially symmetric,
shape,acuminate,acuminate,
shape,acute,acute,
shape,acutifolius,acutifolius,
shape,alate,alate,
shape,amentiform,amentiform,
shape,amplexicaul,amplexicaul,
shape,ampulliform,ampulliform,
shape,angular,angular,
shape,angular-orbiculate,polygonal,
shape,angulate,angulate,
shape,antrorsed,antrorsed,
shape,apiculate,apiculate,
shape,arched,arched,
shape,arcuate,arcuate,
shape,aristate,aristate,
shape,asymmetrical,asymmetrical,
shape,attenuate,attenuate,
shape,auricle,auricle,
shape,auriculate,auriculate,
shape,baculiform,baculiform,
shape,biconvex,biconvex,
shape,bifid,bifid,
shape,bifoliate,bifoliate,
shape,bifoliolate,bifoliolate,
shape,bifusiform,bifusiform,
shape,bigeminate,bigeminate,
shape,bilabiate,bilabiate,
shape,bilateral,bilaterally symmetric,
shape,bilobate,bilobate,
shape,bipinnate,bipinnate,
shape,bipinnatisect,bipinnatisect,
shape,biternate,biternate,
shape,bowl-shaped,saucerlike,
shape,bowlshaped,saucerlike,
shape,branched,branched,
shape,broad-based,broad-based,
shape,bullate,bullate,
shape,c-curved,c-curved,
shape,calcarate,calcarate,
shape,calceolate,calceolate,
shape,campanulate,campanulate,
shape,capitate,capitate,
shape,capitulate,capitulate,
shape,cat's claw,cat's-claw,
shape,cat's-claw,cat's-claw,
shape,cats-claw,cat's-claw,
shape,caudate,caudate,
shape,chaffy,chaffy,
shape,circular,orbicular,
shape,cirrate,cirrate,
shape,cirrus,cirrus,
shape,clavate,clavate,
shape,colliculate,colliculate,
shape,compressed-obovoid,compressed-obovoid,
shape,compressed-ovoid,compressed-ovoid,
shape,concave,concave,
shape,conelike,conelike,
shape,confluent,,
shape,connate-perfoliate,,
shape,contracted,contracted,
shape,convex,convex,
shape,cordate,cordate,
shape,cordiform,cordiform,
shape,coronate,coronate,
shape,craspedial,craspedial,
shape,crateriform,saucerlike,
shape,cross-venulate,cross-venulate,
shape,cruciform,cruciform,
shape,cultrate,cultrate,
shape,cuneate,cuneate,
shape,cup-shaped,cup-shaped,
shape,cupshaped,cup-shaped,
shape,cupular,cupular,
shape,cupulate,cup-shaped,
shape,curved,curved,
shape,cushion-shaped,cushion-shaped,
shape,cuspidate,cuspidate,
shape,cyanthiform,cyanthiform,
shape,cylindric,cylindric,
shape,cylindrical,cylindrical,
shape,cymbiform,saucerlike,
shape,decurved,decurved,
shape,deltate,deltoid,
shape,deltate-triangular,deltate-triangular,
shape,deltoid,deltoid,
shape,depressed-deltate,depressed-deltate,
shape,digitate,digitate,
shape,dilated,dilated,
shape,diplostemonous,diplostemonous,
shape,discoid,disk,
shape,ellipsoid,ellipsoid,
shape,ellipsoidal,ellipsoidal,
shape,elliptic,elliptic,
shape,elliptic-oblanceolate,elliptic-oblanceolate,
shape,elongate,elongate,
shape,elongate-ovate,elongate-ovate,
shape,emarginate,emarginate,
shape,ensate,ensate,
shape,ensiform,linear,
shape,even-pinnate,even-pinnate,
shape,falcate,falcate,
shape,fasciculate,fasciculate,
shape,fenestrate,fenestrate,
shape,filiform,filiform,
shape,flabelliorm,flabellate,
shape,flagelliform,flagelliform,
shape,foliate,foliate,
shape,foliolate,lobe,
shape,funiform,funiform,
shape,funnel-shaped,funnelform,
shape,funnelform,funnelform,
shape,funnelshaped,funnelform,
shape,fused,fused,
shape,fusiform,fusiform,
shape,galeate,galeate,
shape,geminate,geminate,
shape,gland-tipped,gland-tipped,
shape,glandular-capitate,glandular-capitate,
shape,globose,spheric,
shape,grooved,grooved,
shape,haplostemonous,haplostemonous,
shape,hastate,hastate,
shape,hemispheric,hemispheric,
shape,hippocrepiform,hippocrepiform,
shape,imparipinnate,imparipinnate,
shape,incised,incised,
shape,incurved,incurved,
shape,incurved-ascending,incurved-ascending,
shape,inequilateral,inequilateral,
shape,inert,inert,
shape,infundibular,infundibular,
shape,irregular,bilaterally symmetric,
shape,keeled,keeled,
shape,labiate,labiate,
shape,labriform,labriform,
shape,laciniate,laciniate,
shape,laminar,laminar,
shape,lance-attenuate,lance-attenuate,
shape,lance-elliptic,lance-elliptic,
shape,lance-linear,lance-linear,
shape,lanceolate,lanceolate,
shape,ligulate,ligulate,
shape,liguliform,liguliform,
shape,linear,linear,
shape,linear-attenuate,linear-attenuate,
shape,linear-oblong,linear-oblong,
shape,longitudinal,longitudinal,
shape,lorate,lorate,
shape,low-bullate,low-bullate,
shape,lyrate,lyrate,
shape,monosymmetric,monosymmetric,
shape,monosymmetrical,monosymmetrical,
shape,moriform,moriform,
shape,mounded,mounded,
shape,mucronate,mucronate,
shape,mucronulate,mucronulate,
shape,multicostate,palmate,
shape,multifid,multifid,
shape,multifoliolate,multifoliolate,
shape,navicular,cymbiform,
shape,no lobes,0,
shape,obconic,obconic,
shape,obcordate,obcordate,
shape,obese,obese,
shape,oblanceolate,oblanceolate,
shape,oblique,oblique,
shape,oblong,oblong,
shape,oblong-elliptic,oblong-elliptic,
shape,oblong-terete,oblong,
shape,obovate,obovate,
shape,obovoid,obovoid,
shape,obtriangular,obtriangular,
shape,obtusangulate,obtusangulate,
shape,obtuse,obtuse,
shape,obtuse-apiculate,obtuse-apiculate,
shape,octagonal,polygonal,
shape,octagonate,polygonal,
shape,odd-pinnate,odd-pinnate,
shape,orbicular,orbicular,
shape,orbicular-ovate,orbicular,
shape,orbiculate,orbicular,
shape,ovate,ovate,
shape,ovate-acuminate,ovate-acuminate,
shape,ovate-angulate,ovate-polygonal,
shape,ovoid,ovoid,
shape,ovoid-ellipsoid,ovoid-ellipsoid,
shape,paleaceous,paleaceous,
shape,palmatifid,palmatifid,
shape,palmatiite,palmatiite,
shape,palmatipartite,palmatipartite,
shape,palmatisect,palmatisect,
shape,pandurate,pandurate,
shape,papilionaceous,papilionaceous,
shape,pappiform,pappiform,
shape,paripinnate,paripinnate,
shape,patelliform,patelliform,
shape,pedate,pedate,
shape,pedicellate,pedicellate,
shape,peltate,peltate,
shape,pendulous,pendulous,
shape,pentagonal,polygonal,
shape,pentangular,polygonal,
shape,pentangulate,polygonal,
shape,perfoliate,perfoliate,
shape,perforate,perforate,
shape,petiolate,petiolate,
shape,pinnate,pinnate,
shape,pinnatifid,pinnatifid,
shape,pinnatiite,pinnatiite,
shape,pinnatipartite,pinnatipartite,
shape,pinnatisect,pinnatisect,
shape,plain,plain,
shape,plane,plane,
shape,plano-compressed,plano-compressed,
shape,planocompressed,plano-compressed,
shape,plumose,plumose,
shape,plumpy,plumpy,
shape,pluripinnate,pluripinnate,
shape,polygonal,polygonal,
shape,polygonal - angulate,polygonal,
shape,polygonal-angulate,polygonal,
shape,pseudoracemose,pseudoracemose,
shape,pulvinate,pulvinate,
shape,pyriform,pyriform,
shape,quadagonal,polygonal,
shape,quadagulate,polygonal,
shape,quadanguar,polygonal,
shape,quadilateral,polygonal,
shape,rectangular,rhomboid,
shape,recurved,recurved,
shape,recurving,recurving,
shape,refracted,refracted,
shape,regular,radially symmetric,
shape,reniform,reniform,
shape,reniform-angulate,reniform-polygonal,
shape,retrorse,retrorse,
shape,retuse,retuse,
shape,rhombic,rhomboic,
shape,rhombic-oblong,rhombic-oblong,
shape,rhombic-obovoid-lentiform,rhombic-obovoid-lentiform,
shape,rhomboic,rhomboic,
shape,rhomboid,rhomboid,
shape,rhomboidal,rhomboidal,
shape,rosette,rosette,
shape,rosettes,rosette,
shape,rotate,rotate,
shape,rotund,orbicular,
shape,round,orbicular,
shape,rounded,orbicular,
shape,roundish,orbicular,
shape,s-curved,s-curved,
shape,saccate,saccate,
shape,sagittate,sagittate,
shape,salverform,salverform,
shape,saucer-like,saucerlike,
shape,saucer-shaped,saucerlike,
shape,saucerlike,saucerlike,
shape,saucershaped,saucerlike,
shape,sausage-shaped,sausage-shaped,
shape,scapiform,scapiform,
shape,semiamplexicaul,semiamplexicaul,
shape,semicircular,semicircular,
shape,semicordate,semicordate,
shape,semisagittate,semisagittate,
shape,semiterete,semiterete,
shape,semitriangular,semitriangular,
shape,septagonal,polygonal,
shape,septagonate,polygonal,
shape,septate,septate,
shape,setiform,setiform,
shape,setose-cilliate,setose-cilliate,
shape,sextagonal,polygonal,
shape,sextagonate,polygonal,
shape,short-stipitate,short-stipitate,
shape,slender,slender,
shape,spathulate,spathulate,
shape,spatulate,spatulate,
shape,spear-shaped,spear-shaped,
shape,spearshaped,spear-shaped,
shape,spheric,spheric,
shape,spicate,spicate,
shape,spiculate,spiculate,
shape,spikelike,spikelike,
shape,squamiform,squamiform,
shape,square,square,
shape,stalked,stalked,
shape,stellate,stellate,
shape,stellate-lepidote,stellate-lepidote,
shape,stellately,stellate,
shape,stelliate,stelliate,
shape,stelliform,stelliform,
shape,stipitate glandular,stipitate glandular,
shape,straight,straight,
shape,styliform,styliform,
shape,subacute,subacute,
shape,subalternate,subalternate,
shape,subcordate,subcordate,
shape,subcylindric,cylindrical,
shape,subcylindrical,cylindrical,
shape,subdecurved,subdecurved,
shape,subequilateral,subequilateral,
shape,subglobose,subglobose,
shape,subincurved,subincurved,
shape,sublobulate,sublobulate,
shape,submoriform,submoriform,
shape,subobtuse,subobtuse,
shape,suborbicular,orbicular,
shape,suborbiculate,orbicular,
shape,subovoid,subovoid,
shape,subpeltate,subpeltate,
shape,subreniform,reniform,
shape,subrhombic,subrhombic,
shape,subterete,subterete,
shape,subulate,subulate,
shape,sulcate,sulcate,
shape,supervolute,supervolute,
shape,sword-shaped,sword-shaped,
shape,swordshaped,swordshaped,
shape,symmetric,symmetric,
shape,tapering,tapering,
shape,terete,terete,
shape,ternate,ternate,
shape,tragacanthoid,tragacanthoid,
shape,trapezoid,trapezoid,
shape,triagonal,polygonal,
shape,triangular,triangular,
shape,triangulate,,
shape,trifid,trifid,
shape,trifoliate,trifoliate,
shape,trifoliolate,trifoliolate,
shape,trilobed,trilobed,
shape,trinifoliate,trinifoliate,
shape,tripinnate,tripinnate,
shape,trullate,trullate,
shape,truncate,truncate,
shape,tub-shaped,tub-shaped,
shape,tubular,tubular,
shape,turbinate,turbinate,
shape,turbinate-campanulate,turbinate-campanulate,
shape,twisted,twisted,
shape,umbellate,umbellate,
shape,umbrella-shaped,umbrella-shaped,
shape,unicostate,pinnate,
shape,unifoliate,unifoliate,
shape,unlobed,unlobed,
shape,urceolate,urceolate,
shape,urn-shaped,urn-shaped,
shape,vaginate,vaginate,
shape,valvate,valvate,
shape,vase-shaped,vase-shaped,
shape,verruciform,verruciform,
shape,zygomorphic,bilaterally symmetric,
shape,zygomorphous,bilaterally symmetric,
shape_leader,abruptly,abruptly,
shape_leader,annulate,annulate,
shape_leader,arborescently,arborescently,
shape_leader,asymmetrically,asymmetrically,
shape_leader,auricular,auricular,
shape_leader,bilaterally,bilaterally,
shape_leader,bipinnately,bipinnate,
shape_leader,broadly,broadly,
shape_leader,bulbously,bulbously,
shape_leader,cuneately,cuneately,
shape_leader,deeply,deeply,
shape_leader,depressed,depressed,
shape_leader,firmly,firmly,
shape_leader,forwardly,forwardly,
shape_leader,gently,gently,
shape_leader,horizontal,horizontal,
shape_leader,inflated,inflated,
shape_leader,irregularly,irregularly,
shape_leader,long-,long-,
shape_leader,loose,loose,
shape_leader,microscopically,microscopically,
shape_leader,mostly,mostly,
shape_leader,narrowly,narrowly,
shape_leader,nearly,nearly,
shape_leader,obliquely,obliquely,
shape_leader,obscurely,obscurely,
shape_leader,palmately,palmate,
shape_leader,paniculately,paniculately,
shape_leader,partly,partly,
shape_leader,pedately,pedate,
shape_leader,pinnately,pinnate,
shape_leader,pliantly,pliantly,
shape_leader,plumply,plumply,
shape_leader,radially,radially,
shape_leader,reticular,reticular,
shape_leader,semi,semi,
shape_leader,shallowly,shallowly,
shape_leader,sometimes,sometimes,
shape_leader,squatly,squatly,
shape_leader,striately,striately,
shape_leader,sub,sub,
shape_leader,subequally,subequally,
shape_leader,symmetrically,symmetrically,
shape_leader,vertically,vertically,
skip,leaf-formula,,
skip,lf-formula,,
subpart,aculei,aculei,
subpart,aculeoli,aculeolus,
subpart,aculeolus,aculeolus,
subpart,aculei,aculeus,
subpart,aculeus,aculeus,
subpart,anastomosing,anastomosing,
subpart,apex,apex,
subpart,apiculi,apiculus,
subpart,apiculus,apiculus,
subpart,appendix,appendix,
subpart,article,article,
subpart,articles,article,
subpart,axes,axis,
subpart,axil,axil,
subpart,axils,axil,
subpart,axis,axis,
subpart,base,base,
subpart,bases,base,
subpart,bilobed,bilobate,
subpart,bivalve,bivalve,
subpart,bivalves,bivalve,
subpart,bristle,setae,
subpart,bristles,setae,
subpart,callose,callose,
subpart,callous,callous,
subpart,cilia,cilia,
subpart,ciliolate,ciliolate,
subpart,crown,crown,
subpart,crowns,crown,
subpart,cusp,cusp,
subpart,dehiscence,dehiscence,
subpart,endosperm,endosperm,
subpart,flesh,flesh,
subpart,furcate,furcate,
subpart,gland,gland,
subpart,glands,gland,
subpart,groove,groove,
subpart,hair,hair,
subpart,hairs,hair,
subpart,horned,horn,
subpart,intervenium,intervenium,
subpart,jointed,joint,
subpart,leaf axil,leaf-axil,
subpart,leaf-axil,leaf-axil,
subpart,lf-axil,leaf-axil,
subpart,limb,limb,
subpart,limbs,limb,
subpart,lobe,lobe,
subpart,lobed,lobe,
subpart,lobes,lobe,
subpart,locular,locular,
subpart,margin,margin,
subpart,margins,margin,
subpart,microphyll,microphyll,
subpart,microphyllidious,microphyllidious,
subpart,nerve,vein,
subpart,nerveless,veinless,
subpart,nerves,vein,
subpart,node,node,
subpart,orifice,orifice,
subpart,pili,pili,
subpart,pilus,hair,
subpart,pore,pore,
subpart,pores,pore,
subpart,primary axis,primary axis,
subpart,prominulous,prominulous,
subpart,rachilla,rachilla,
subpart,rachillae,rachilla,
subpart,ranked,ranked,
subpart,ray,ray,
subpart,rayed,ray,
subpart,rays,ray,
subpart,reticulum,reticulum,
subpart,rhachis,rhachis,
subpart,rim,rim,
subpart,scales,scales,
subpart,segment,segment,
subpart,sinus,sinus,
subpart,sinuses,sinus,
subpart,spine,spine,
subpart,spines,spine,
subpart,subcallose,subcallose,
subpart,sulci,sulcus,
subpart,sulcus,sulcus,
subpart,teeth,tooth,
subpart,tip,tip,
subpart,tips,tip,
subpart,trichome,trichome,
subpart,trichomes,trichome,
subpart,tube,tube,
subpart,tubes,tube,
subpart,valve,valve,
subpart,valves,valve,
subpart,venulation,venulation,
subpart,venule,vein,
subpart,venules,vein,
subpart,villi,villi,
subpart,villus,villus,
subpart,wing,wing,
subpart,wings,wing,
surface,acanceous,acanceous,
surface,acantha,acantha,
surface,acanthocarpus,acanthocarpus,
surface,acanthocladous,acanthocladous,
surface,aculeate,aculeate,
surface,aculeolate,aculeolate,
surface,aden,aden,
surface,adenoid,adenoid,
surface,adenophore,adenophore,
surface,adenophyllous,adenophyllous,
surface,appressed-setose,appressed-setose,
surface,arachnoid,arachnoid,
surface,bloom,bloom,
surface,canescent,canescent,
surface,carnosulous,carnosulous,
surface,chartaceous,chartaceous,
surface,ciliate,ciliate,
surface,coriaceouse,coriaceouse,
surface,cuticle,cuticle,
surface,downy,downy,
surface,echinate-aculeate,echinate-aculeate,
surface,efoliate,efoliate,
surface,eglandular,eglandular,
surface,fimbriate,fimbriate,
surface,fimbriolate,fimbriolate,
surface,floccose,floccose,
surface,glabrate,glabrate,
surface,glabrous,glabrous,
surface,glandular,glandular,
surface,glandular-punctate,glandular-punctate,
surface,glandular-setose,glandular-setose,
surface,glandular-setulose,glandular-setulose,
surface,glandularsetose,glandularsetose,
surface,granular,granular,
surface,hairy,hairy,
surface,hirsute,hirsute,
surface,hispid,hispid,
surface,hispid-pilose,hispid-pilose,
surface,hispidulous,hispid,
surface,lanate,lanate,
surface,lanate-tomentulose,lanate-tomentulose,
surface,lepidote,lepidote,
surface,membranous,membranous,
surface,pallid-tomentulose,pallid-tomentulose,
surface,papillate-puberulent,papillate-puberulent,
surface,pilose,pilose,
surface,pilosulous,pilosulous,
surface,pliant,pliant,
surface,prickly,prickly,
surface,pubemlent,pubemlent,
surface,puberulecence,puberulecence,
surface,puberulent,puberulent,
surface,puberulous,puberulent,
surface,pubescent,pubescent,
surface,retroaculeate,retroaculeate,
surface,scaberulous,scabrous,
surface,scabrous,scabrous,
surface,scurfy,scurfy,
surface,sericeous,sericeous,
surface,setaculeate,setaculeate,
surface,setose,setose,
surface,setose-ciliate,setose-ciliate,
surface,setulose,setulose,
surface,silky,silky,
surface,silky-canescent,silky-canescent,
surface,silky-pilosulous,silky-pilosulous,
surface,silky-tomentulose,silky-tomentulose,
surface,smooth,smooth,
surface,strigose,strigose,
surface,subappressed,subappressed,
surface,subappressed-strigose,strigose,
surface,subglabrous,subglabrous,
surface,sublustrous,sublustrous,
surface,surface,surface,
surface,surfaces,surface,
surface,tomentose,tomentose,
surface,tomentulose,tomentulose,
surface,unarmed,unarmed,
surface,verrucose,verrucose,
surface,villose,villose,
surface,villosity,villosity,
surface,villosulous,villosulous,
surface,villous,villose,
surface,viscid,viscid,
surface_leader,armed,armed,
surface_leader,canescently,canescently,
surface_leader,densely,densely,
surface_leader,shortly,shortly,
surface_leader,thinly,thinly,
venation,acrodromous,acrodromous,
venation,actinodromous,actinodromous,
venation,arbuscular,arbuscular,
venation,arbuscularis,arbuscular,
venation,brochidodromous,brochidodromous,
venation,camptodromous,camptodromous,
venation,campylodrom,campylodrom,
venation,campylodromous,campylodrom,
venation,canalicululate,channelled,
venation,channelled,channelled,
venation,cladodromous,cladodromous,
venation,collimate,collimate,
venation,collimatus,collimate,
venation,conglutinate,conglutinate,
venation,conglutinatus,conglutinate,
venation,craspedodromous,craspedodromous,
venation,dichotomous,dichotomous,
venation,eucamptodromous,eucamptodromous,
venation,fan veined,palmate,
venation,fan-veined,palmate,
venation,feather veined,feather-veined,
venation,feather-veined,feather-veined,
venation,flabellate,flabellate,
venation,flabellatus,flabellate,
venation,guttered,guttered,
venation,hyphodromous,hyphodromous,
venation,imperfect basal,imperfect basal,
venation,imperfect reticulate,imperfect reticulate,
venation,impressed,impressed,
venation,midrib,midrib,
venation,midvein,midrib,
venation,multicostate convergent,multicostate convergent,
venation,multicostate divergent,multicostate divergent,
venation,multicostate parallel,multicostate parallel,
venation,multicostate parallel convergent,multicostate parallel convergent,
venation,multicostate parallel divergent,multicostate parallel divergent,
venation,netted,netted,
venation,palinactodrom,palinactodrom,
venation,palinactodromous,palinactodrom,
venation,palmate,palmate,
venation,palmate parallel,palmate-parallel,
venation,palmate-netted,palmate,
venation,palmate-parallel,palmate-parallel,
venation,palmate-veined,palmate,
venation,palmately netted,palmate,
venation,palmately veined,palmate,
venation,palmatus,palmate,
venation,parallel,parallel,
venation,parallel-nerved,parallelodromous,
venation,parallel-ribbed,parallelodromous,
venation,parallel-veined,parallelodromous,
venation,parallelodrom,parallelodrom,
venation,parallelodromous,parallelodrom,
venation,penni parallel,parallelodromous,
venation,penni-parallel,parallelodromous,
venation,penninerved,penninerved,
venation,penniribbed,penniribbed,
venation,penniveined,penniveined,
venation,pinnate netted,pinnate-netted,
venation,pinnate parallel,pinnate parallel,
venation,pinnate-netted,pinnate-netted,
venation,plinerved,plinervy,
venation,plinervy,plinervy,
venation,reticulate,reticulate,
venation,rib,rib,
venation,ribbed,rib,
venation,ribs,rib,
venation,scalariform,scalariform,
venation,striate,striate,
venation,subflabellate,subflabellate,
venation,submarginal,submarginal,
venation,ternate-netted,ternate-netted,
venation,ternately,ternate-netted,
venation,trinerved,trinerved,
venation,unicostate parallel,unicostate parallel,
venation,unicostate reticulate,unicostate reticulate,
venation,uninerved,uninervous,
venation,uninervous,uninervous,
venation,vein,vein,
venation,veined,veined,
venation,veinless,veinless,
venation,veinlet ,veinlet ,
venation,veins,vein,
venation,venation,vein,
woodiness,herb,herb,
woodiness,herbaceous,herbaceous,
woodiness,herbs,herb,
woodiness,subherbaceous,herbaceous,
woodiness,woody,woody,
